"","episode_number_overall","directed_by","written_by","rating","votes","type"
"1","1","Masaaki Kumagai","Satoru Nishizono",8.1,841,"Mixed Canon/Filler"
"2","2","Atsushi Nigorikawa","Satoru Nishizono",7.9,650,"Mixed Canon/Filler"
"3","3","Yuki Sugihara","Satoru Nishizono",7.9,573,"Mixed Canon/Filler"
"4","4","Kiyomu Fukuda","Satoru Nishizono",8.2,580,"Mixed Canon/Filler"
"5","5","Yuki Kinoshita","Satoru Nishizono",8.1,543,"Mixed Canon/Filler"
"6","6","Mitsutaka Noshitani","Satoru Nishizono",8.1,538,"Mixed Canon/Filler"
"7","7","Hayato Goda","Satoru Nishizono",7.7,513,"Mixed Canon/Filler"
"8","8","Hiroshi Kimura","Satoru Nishizono",7.6,493,"Mixed Canon/Filler"
"9","9","Masaaki Kumagai","Satoru Nishizono",7.5,487,"Mixed Canon/Filler"
"10","10","Eitaro Ano","Satoru Nishizono",7.4,476,"Mixed Canon/Filler"
"11","11","Atsushi Nigorikawa","Satoru Nishizono",7.6,482,"Mixed Canon/Filler"
"12","12","Kiyomu Fukuda","Satoru Nishizono",7.8,481,"Mixed Canon/Filler"
"13","13","Neko Okuma","Satoru Nishizono",8,489,"Mixed Canon/Filler"
"14","14","Mitsutaka Noshitani","Satoru Nishizono",8.3,511,"Mixed Canon/Filler"
"15","15","Hayato Date","Satoru Nishizono",8.3,507,"Mixed Canon/Filler"
"16","16","Hiroshi Kimura","Satoru Nishizono",7.5,455,"Mixed Canon/Filler"
"17","17","Masaaki Kumagai","Satoru Nishizono",7.7,455,"Mixed Canon/Filler"
"18","18","Eitaro Ano","Satoru Nishizono",7.6,459,"Mixed Canon/Filler"
"19","19","Atsushi Nigorikawa","Satoru Nishizono",7.7,452,"Mixed Canon/Filler"
"20","20","Kiyomu Fukuda","Satoru Nishizono",8,481,"Manga Canon"
"21","21","Neko Okuma","Satoru Nishizono",7.9,471,"Manga Canon"
"22","22","Mitsutaka Noshitani","Satoru Nishizono",7.8,463,"Manga Canon"
"23","23","Masaki Takano","Satoru Nishizono",7.7,461,"Manga Canon"
"24","24","Hiroshi Kimura","Satoru Nishizono",7.9,468,"Mixed Canon/Filler"
"25","25","Masaaki Kumagai","Satoru Nishizono",7.8,464,"Mixed Canon/Filler"
"26","26","Atsushi Nigorikawa","Satoru Nishizono",8.7,724,"Manga Canon"
"27","27","Eitaro Ano","Satoru Nishizono",8.4,613,"Manga Canon"
"28","28","Kiyomu Fukuda","Satoru Nishizono",7,414,"Filler"
"29","29","Yuki Kinoshita","Satoru Nishizono",8,454,"Manga Canon"
"30","30","Shigeharu Takahashi","Satoru Nishizono",8.3,500,"Manga Canon"
"31","31","Shinji Satou","Satoru Nishizono",8.7,747,"Manga Canon"
"32","32","Hiroshi Kimura","Satoru Nishizono",7.8,451,"Manga Canon"
"33","33","Masaaki Kumagai","Satoru Nishizono",7.6,421,"Manga Canon"
"34","34","Eitaro Ano","Satoru Nishizono",7.2,405,"Manga Canon"
"35","35","Masahiko Murata","Satoru Nishizono",7.2,408,"Manga Canon"
"36","36","Kiyomu Fukuda","Satoru Nishizono",7.1,406,"Manga Canon"
"37","37","Atsushi Nigorikawa","Satoru Nishizono",7.1,405,"Manga Canon"
"38","38","Shigeharu Takahashi","Satoru Nishizono",7,405,"Manga Canon"
"39","39","Masaki Takano","Satoru Nishizono",7.8,429,"Manga Canon"
"40","40","Hiroshi Kimura","Satoru Nishizono",7.6,449,"Manga Canon"
"41","41","Masaaki Kumagai","Satoru Nishizono",7.9,450,"Manga Canon"
"42","42","Masahiko Murata","Satoru Nishizono",8.4,541,"Manga Canon"
"43","43","Kunitoshi Okajima","Satoru Nishizono",7.8,425,"Manga Canon"
"44","44","Kiyomu Fukuda","Satoru Nishizono",7.3,400,"Manga Canon"
"45","45","Atsushi Nigorikawa","Satoru Nishizono",7.2,392,"Mixed Canon/Filler"
"46","46","Shigeharu Takahashi","Satoru Nishizono",7.2,393,"Manga Canon"
"47","47","Neko Okuma","Satoru Nishizono",7.3,392,"Manga Canon"
"48","48","Hiroshi Kimura","Satoru Nishizono",7.1,398,"Manga Canon"
"49","49","Shinji Satou","Satoru Nishizono",7.4,404,"Mixed Canon/Filler"
"50","50","Eitaro Ano","Satoru Nishizono",7.3,386,"Mixed Canon/Filler"
"51","51","Masaaki Kumagai","Satoru Nishizono",7.5,407,"Manga Canon"
"52","52","Kiyomu Fukuda","Satoru Nishizono",7.9,445,"Manga Canon"
"53","53","Atsushi Nigorikawa","Satoru Nishizono",7.4,410,"Manga Canon"
"54","54","Shigeharu Takahashi","Yasuyuki Suzuki",7.4,404,"Mixed Canon/Filler"
"55","55","Masahiko Murata","Yasuyuki Suzuki",7.8,406,"Manga Canon"
"56","56","Hiroshi Kimura","Yasuyuki Suzuki",7.4,387,"Mixed Canon/Filler"
"57","57","Masaki Takano","Yasuyuki Suzuki",6.8,304,"Filler"
"58","58","Eitaro Ano","Yasuyuki Suzuki",6.5,303,"Filler"
"59","59","Masaaki Kumagai","Junki Takegami",6.4,297,"Filler"
"60","60","Kiyomu Fukuda","Junki Takegami",6.6,292,"Filler"
"61","61","Atsushi Nigorikawa","Yasuyuki Suzuki",6.7,298,"Filler"
"62","62","Shigeharu Takahashi","Yasuyuki Suzuki",6.5,296,"Filler"
"63","63","Yuki Kinoshita","Masahiro Hikokubo",6.6,292,"Filler"
"64","64","Hiroshi Kimura","Yasuyuki Suzuki",6.6,288,"Filler"
"65","65","Shinji Satou","Masahiro Hikokubo",6.9,288,"Filler"
"66","66","Eitaro Ano","Yasuyuki Suzuki",6.7,288,"Filler"
"67","67","Masaaki Kumagai","Yasuyuki SuzukiMasahiro Hikokubo",6.7,285,"Filler"
"68","68","Kiyomu Fukuda","Yasuyuki Suzuki",6.7,285,"Filler"
"69","69","Masaki Takano","Masahiro Hikokubo",6.5,290,"Filler"
"70","70","Shigeharu Takahashi","Yasuyuki Suzuki",6.6,292,"Filler"
"71","71","Atsushi Nigorikawa","Yasuyuki Suzuki",6.5,304,"Filler"
"72","72","Hiroshi Kimura","Masahiro Hikokubo",7.3,372,"Manga Canon"
"73","73","Masaki Takuno","Masahiro Hikokubo",7.6,403,"Manga Canon"
"74","74","Eitaro Ano","Masahiro Hikokubo",7.4,379,"Manga Canon"
"75","75","Masaaki Kumagai","Yasuyuki Suzuki",7.3,374,"Manga Canon"
"76","76","Kiyomu Fukuda","Yasuyuki Suzuki",7.6,389,"Manga Canon"
"77","77","Yuki Kinoshita","Masahiro Hikokubo",8.2,431,"Manga Canon"
"78","78","Shigeharu Takahashi","Masahiro Hikokubo",8.5,579,"Manga Canon"
"79","79","Atsushi Nigorikawa","Masahiro Hikokubo",8.6,562,"Manga Canon"
"80","80","Hiroshi Kimura","Masahiro Hikokubo",8.8,702,"Manga Canon"
"81","81","Shinji Satou","Masahiro Hikokubo",8,418,"Manga Canon"
"82","82","Toshiyuki Tsuru","Toshiyuki Tsuru",8.6,668,"Manga Canon"
"83","83","Takahiro Ono","Yuka Miyata",8.2,421,"Manga Canon"
"84","84","Kiyomu Fukuda","Yuka Miyata",8.5,488,"Manga Canon"
"85","85","Toshiyuki Tsuru","Toshiyuki Tsuru",8.6,576,"Manga Canon"
"86","86","Masaaki Kumagai","Yuka Miyata",8.8,659,"Manga Canon"
"87","87","Shigeharu Takahashi","Yasuyuki Suzuki",8.9,833,"Manga Canon"
"88","88","Atsushi Nigorikawa","Yasuyuki Suzuki",8.8,684,"Manga Canon"
"89","89","Hiroshi Kimura","Yuka Miyata",7.6,385,"Mixed Canon/Filler"
"90","90","Yuki Kinoshita","Junki Takegami",6.8,323,"Mixed Canon/Filler"
"91","91","Yuusuke Onoda","Masahiro Hikokubo",6.9,295,"Filler"
"92","92","Kunitoshi Okajima","Yasuyuki Suzuki",6.6,290,"Filler"
"93","93","Masaaki Kumagai","Shin YoshidaYasuyuki Suzuki",6.4,287,"Filler"
"94","94","Kiyomu Fukuda","Shin Yoshida",6.3,277,"Filler"
"95","95","Atsushi Nigorikawa","Shin YoshidaYuka Miyata",6.3,278,"Filler"
"96","96","Shigeharu Takahashi","Yuka Miyata",6.5,272,"Filler"
"97","97","Yuki Kinoshita","Junki Takegami",6.8,273,"Filler"
"98","98","Hiroshi Kimura","Shin Yoshida",6.8,272,"Filler"
"99","99","Yuusuke Onoda","Shin Yoshida",6.8,275,"Filler"
"100","100","Kunitoshi Okajima","Junki TakegamiShin Yoshida",6.5,272,"Filler"
"101","101","Masaaki Kumagai","Yuka Miyata",6.4,270,"Filler"
"102","102","Kiyomu Fukuda","Junki TakegamiYuka Miyata",6.4,271,"Filler"
"103","103","Atsushi Nigorikawa","Masahiro Hikokubo",6.7,269,"Filler"
"104","104","Shigeharu Takahashi","Shin YoshidaJunki Takegami",6.8,265,"Filler"
"105","105","Yuki Kinoshita","Yuka Miyata",6.4,271,"Filler"
"106","106","Hiroshi Kimura","Masahiro Hikokubo",6.6,270,"Filler"
"107","107","Toshiaki Kanbara","Yasuyuki Suzuki",6.5,267,"Filler"
"108","108","Kunitoshi Okajima","Shin Yoshida",6.4,265,"Filler"
"109","109","Shigeharu Takahashi","Junki Takegami",6.3,263,"Filler"
"110","110","Kiyomu Fukuda","Junki Takegami",6.6,266,"Filler"
"111","111","Yuki Kinoshita","Junki Takegami",6.7,268,"Filler"
"112","112","Shigeharu Takahashi","Yuka MiyataJunki Takegami",6.8,281,"Filler"
"113","113","Masayuki Matsumoto","Masahiro Hikokubo",7.8,387,"Manga Canon"
"114","114","Hiroshi Kimura","Masahiro Hikokubo",8.1,405,"Manga Canon"
"115","115","Shuu Watanabe","Shin Yoshida",7.4,358,"Mixed Canon/Filler"
"116","116","Kunitoshi Okajima","Yasuyuki Suzuki",7.1,346,"Manga Canon"
"117","117","Yuki Arie","Shin Yoshida",7.3,340,"Manga Canon"
"118","118","Kiyomu Fukuda","Shin Yoshida",7.2,346,"Manga Canon"
"119","119","Yasumi Mikamoto","Junki Takegami",8.7,722,"Manga Canon"
"120","120","Masahiro Takada","Junki Takegami",9.2,1111,"Manga Canon"
"121","121","Masayuki Matsumoto","Yuka Miyata",7.7,385,"Manga Canon"
"122","122","Hiroshi Kimura","Yuka Miyata",7.7,374,"Manga Canon"
"123","123","Toshiyuki Tsuru","Toshiyuki Tsuru",8.5,529,"Manga Canon"
"124","124","Kunitoshi Okajima","Junki Takegami",8.5,575,"Manga Canon"
"125","125","Yuki Kinoshita","Yasuyuki Suzuki",8.1,423,"Manga Canon"
"126","126","Kiyomu Fukuda","Masahiro Hikokubo",8.3,446,"Manga Canon"
"127","127","Shuu Watanabe","Junki Takegami",8,402,"Mixed Canon/Filler"
"128","128","Shigeharu Takahashi","Junki Takegami",8.5,496,"Mixed Canon/Filler"
"129","129","Yuusuke Onoda","Shin Yoshida",8,393,"Manga Canon"
"130","130","Hiroshi Kimura","Shin Yoshida",8.5,513,"Manga Canon"
"131","131","Akitoshi Yokoyama","Yasuyuki Suzuki",8.8,753,"Manga Canon"
"132","132","Fujiaki Asari","Yuka Miyata",9,921,"Manga Canon"
"133","133","Masaaki Kumagai","Junki Takegami",9.6,3199,"Manga Canon"
"134","134","Kiyomu Fukuda","Masahiro Hikokubo",8.2,429,"Manga Canon"
"135","135","Atsushi Nigorikawa","Shin Yoshida",8.2,449,"Manga Canon"
"136","136","Shigeharu Takahashi","Yasuyuki Suzuki",8.9,847,"Manga Canon"
"137","137","Yuusuke Onoda","Yuka Miyata",9.1,1032,"Manga Canon"
"138","138","Masahiko Murata","Masahiro Hikokubo",9.4,1566,"Manga Canon"
"139","139","Hiroshi Kimura","Shin Yoshida",8.5,546,"Manga Canon"
"140","140","Minoru Yamaoka","Yasuyuki Suzuki",8.9,838,"Manga Canon"
"141","141","Shuu Watanabe","Yuka Miyata",9.1,985,"Manga Canon"
"142","142","Kiyomu Fukuda","Yasuyuki Suzuki",7.8,363,"Manga Canon"
"143","143","Atsushi Nigorikawa","Shin Yoshida",8.5,532,"Manga Canon"
"144","144","Masaaki Kumagai","Junki Takegami",6.2,262,"Filler"
"145","145","Shigeharu Takahashi","Shin Yoshida",6.2,256,"Filler"
"146","146","Hiroshi Kimura","Yuka Miyata",6.3,249,"Filler"
"147","147","Yuki Kinoshita","Yasuyuki Suzuki",6.3,251,"Filler"
"148","148","Eiko Nishi","Shin Yoshida",6.1,247,"Filler"
"149","149","Shuu Watanabe","Masahiro Hikokubo",6.3,245,"Filler"
"150","150","Kiyomu Fukuda","Yasuyuki Suzuki",6.4,250,"Filler"
"151","151","Yuusuke Onoda","Yasuyuki Suzuki",6.5,257,"Filler"
"152","152","Naoki Horiuchi","Yuka Miyata",8.1,392,"Manga Canon"
"153","153","Masaaki Kumagai","Yuka Miyata",8.4,457,"Manga Canon"
"154","154","Shigeharu Takahashi","Shin Yoshida",7.8,372,"Manga Canon"
"155","155","Hiroshi Kimura","Shin Yoshida",7.8,372,"Manga Canon"
"156","156","Yuki Kinoshita","Yuka Miyata",7.6,369,"Manga Canon"
"157","157","Hideyuki Yoshida","Masahiro Hikokubo",8,393,"Manga Canon"
"158","158","Kiyomu Fukuda","Shin Yoshida",8.3,429,"Manga Canon"
"159","159","Yoshihiro Sugai","Yuka Miyata",9.1,1082,"Manga Canon"
"160","160","Naoki Horiuchi","Yasuyuki Suzuki",8.3,440,"Manga Canon"
"161","161","Shigeharu Takahashi","Masahiro Hikokubo",8.4,481,"Manga Canon"
"162","162","Masaaki Kumagai","Shin Yoshida",9.1,963,"Manga Canon"
"163","163","Yuki Kinoshita","Masahiro Hikokubo",9.1,965,"Manga Canon"
"164","164","Yasuhiro Minami","Shin Yoshida",9.3,1375,"Manga Canon"
"165","165","Hiroshi Kimura","Shin Yoshida",9.2,1182,"Manga Canon"
"166","166","Toshiyuki Tsuru","Toshiyuki Tsuru",9.4,1538,"Manga Canon"
"167","167","Atsushi Wakabayashi","Yuka Miyata",9.4,1691,"Manga Canon"
"168","168","Kiyomu Fukuda","Masahiro Hikokubo",9.4,1592,"Manga Canon"
"169","169","Yoshihiro Sugai","Shin Yoshida",8.5,516,"Manga Canon"
"170","170","Naoki Horiuchi","Junki Takegami",6,260,"Filler"
"171","171","Yuki Kinoshita","Junki Takegami",6,258,"Filler"
"172","172","Takahiro Okao","Shin Yoshida",7.9,393,"Manga Canon"
"173","173","Masaaki Kumagai","Masahiro Hikokubo",8.5,493,"Manga Canon"
"174","174","Kanryou Kishikawa","Yasuyuki Suzuki",8.6,577,"Manga Canon"
"175","175","Hiroshi Kimura","Yuka Miyata",9.3,1292,"Manga Canon"
"176","176","Kiyomu Fukuda","Shin Yoshida",6.8,263,"Filler"
"177","177","Naoki Horiuchi","Shin Yoshida",6.7,253,"Filler"
"178","178","Atsushi Nigorikawa","Shin Yoshida",6.7,253,"Filler"
"179","179","Hiroshi Kimura","Junki Takegami",6.5,253,"Filler"
"180","180","Gorou Sessha","Yuka Miyata",5.8,250,"Filler"
"181","181","Shuu Watanabe","Yasuyuki Suzuki",5.8,246,"Filler"
"182","182","Kanryou Kishikawa","Masahiro Hikokubo",6.5,245,"Filler"
"183","183","Maki Odaira","Daisuke Watanabe",5.9,242,"Filler"
"184","184","Shigeru Mita","Katsuhiko Chiba",5.9,231,"Filler"
"185","185","Kiyomu Fukuda","Katsuhiko Chiba",5.2,251,"Filler"
"186","186","Masaaki Kumagai","Daisuke Watanabe",5.8,231,"Filler"
"187","187","Atsushi Nigorikawa","Junki Takegami",6,233,"Filler"
"188","188","Naoki Horiuchi","Junki Takegami",6.1,228,"Filler"
"189","189","Hiroshi Kimura","Masahiro Hikokubo",5.6,231,"Filler"
"190","190","Maki Odaira","Katsuhiko Chiba",6.2,238,"Filler"
"191","191","Shuu Watanabe","Yasuyuki Suzuki",6.3,236,"Filler"
"192","192","Kanryou Kishikawa","Yuka Miyata",6,232,"Filler"
"193","193","Chiyuki Tanaka","Shin Yoshida",6.1,232,"Filler"
"194","194","Gorou Sessha","Yasuyuki Suzuki",6.1,239,"Filler"
"195","195","Hiroyuki Tsuchiya","Masahiro Hikokubo",5.8,231,"Filler"
"196","196","Hiroshi Kimura","Daisuke Watanabe",5.9,233,"Filler"
"197","197","Masaaki Kumagai","Katsuhiko Chiba",7.5,341,"Manga Canon"
"198","198","Atsushi Nigorikawa","Yuka Miyata",7.6,337,"Manga Canon"
"199","199","Naoki Horiuchi","Katsuhiko Chiba",7.5,334,"Manga Canon"
"200","200","Shuu Watanabe","Shin Yoshida",7.6,346,"Manga Canon"
"201","201","Maki Odaira","Yasuyuki Suzuki",8,354,"Manga Canon"
"202","202","Shigeru Mita","Katsuhiko Chiba",8.2,366,"Manga Canon"
"203","203","Kanryou Kishikawa","Yasuyuki Suzuki",8.4,401,"Manga Canon"
"204","204","Ken'ichi Nishida","Yuka Miyata",8.3,378,"Manga Canon"
"205","205","Kiyomu Fukuda","Masahiro Hikokubo",8.2,368,"Manga Canon"
"206","206","Hiroshi Kimura","Shin Yoshida",7.3,366,"Manga Canon"
"207","207","Naoki Horiuchi","Katsuhiko Chiba",8.2,370,"Manga Canon"
"208","208","Shuu Watanabe","Yasuyuki Suzuki",7.7,352,"Manga Canon"
"209","209","Yoshihiro Sugai","Daisuke Watanabe",8.5,529,"Manga Canon"
"210","210","Masato Kitagawa","Shin Yoshida",8.4,433,"Manga Canon"
"211","211","Ken'ichi NishidaHayato Date","Katsuhiko Chiba",8.6,583,"Manga Canon"
"212","212","Hideaki Uehara","Yasuyuki Suzuki",6.8,325,"Manga Canon"
"213","213","Mitsutoshi Satou","Daisuke Watanabe",6.2,325,"Mixed Canon/Filler"
"214","214","Kiyomu Fukuda","Masahiro Hikokubo",7,330,"Manga Canon"
"215","215","Hiroshi Kimura","Shin Yoshida",7.3,337,"Manga Canon"
"216","216","Ken'ichi Nishida","Shin Yoshida",7.5,359,"Manga Canon"
"217","217","Daisuke Tsukushi","Katsuhiko Chiba",7.4,333,"Manga Canon"
"218","218","Masato Kitagawa","Yuka Miyata",7.1,332,"Manga Canon"
"219","219","Yoshihiro Sugai","Katsuhiko Chiba",8,383,"Manga Canon"
"220","220","Kanryou Kishikawa","Yasuyuki Suzuki",7.2,323,"Manga Canon"
"221","221","Naoki Horiuchi","Masahiro Hikokubo",7.8,340,"Manga Canon"
"222","222","Kiyomu Fukuda","Shin Yoshida",7.1,316,"Manga Canon"
"223","223","Mitsutoshi Satou","Junki Takegami",5.8,247,"Filler"
"224","224","Yoshihiro SugaiHiroshi Kataoka","Katsuhiko Chiba",5.6,239,"Filler"
"225","225","Yutaka Kagawa","Masahiro Hikokubo",5.4,241,"Filler"
"226","226","Maki Odaira","Yasuyuki Suzuki",5.1,264,"Filler"
"227","227","Masahito Otani","Katsuhiko Chiba",5.5,238,"Filler"
"228","228","Kanryou Kishikawa","Masahiro Hikokubo",5.4,235,"Filler"
"229","229","Kiyomu Fukuda","Shin Yoshida",5.3,243,"Filler"
"230","230","Hiroshi KataokaYoshihiro Sugai","Yasuyuki Suzuki",5.6,236,"Filler"
"231","231","Ken'ichi Nishida","Junki TakegamiDaisuke Watanabe",5.4,233,"Filler"
"232","232","Shuu Watanabe","Katsuhiko Chiba",6.5,239,"Filler"
"233","233","Naoki Horiuchi","Shin Yoshida",5.5,230,"Filler"
"234","234","Gorou Sessha","Junki Takegami",6.2,246,"Filler"
"235","235","Jun'ichi Fujise","Yuka Miyata",5.8,233,"Filler"
"236","236","Tomoya Tanaka","Shin Yoshida",5.9,227,"Filler"
"237","237","Hisashi Ishii","Katsuhiko Chiba",6.1,226,"Filler"
"238","238","Masaaki Kumagai","Yasuyuki Suzuki",5.9,230,"Filler"
"239","239","Kiyomu Fukuda","Masahiro Hikokubo",6.1,233,"Filler"
"240","240","Ken'ichi Nishida","Daisuke Watanabe",5.8,230,"Filler"
"241","241","Yuusuke Onoda","Junki Takegami",6.7,248,"Filler"
"242","242","Naoki Horiuchi","Yuka Miyata",6.3,233,"Filler"
"243","243","Hiroshi Yamazaki","Katsuhiko Chiba",7,325,"Manga Canon"
"244","244","Hideki Takayama","Shin Yoshida",7,335,"Manga Canon"
"245","245","Kanryou Kishikawa","Junki Takegami",8.2,394,"Manga Canon"
"246","246","Masahiko Murata","Yasuyuki Suzuki",8.8,727,"Manga Canon"
"247","247","Hisashi Ishii","Junki Takegami",8.8,716,"Manga Canon"
"248","248","Masaaki Kumagai","Junki Takegami",9.5,1586,"Manga Canon"
"249","249","Chikara Sakurai","Junki Takegami",9.5,1849,"Manga Canon"
"250","250","Kiyomu Fukuda","Masahiro Hikokubo",7.9,381,"Manga Canon"
"251","251","Ken'ichi Nishida","Shin Yoshida",8.3,406,"Manga Canon"
"252","252","Hayato Date","Katsuhiko Chiba",8,394,"Manga Canon"
"253","253","Yuusuke Onoda","Katsuhiko Chiba",8.5,527,"Manga Canon"
"254","254","Kanryou Kishikawa","Yasuyuki Suzuki",6.7,302,"Manga Canon"
"255","255","Hideki Takayama","Yasuyuki Suzuki",7.5,317,"Manga Canon"
"256","256","Hisashi Ishii","Masahiro Hikokubo",8.3,451,"Manga Canon"
"257","257","Shigeki Kawai","Junki Takegami",6.1,230,"Filler"
"258","258","Kiyomu Fukuda","Junki Takegami",5.7,222,"Filler"
"259","259","Noriyuki Abe","Junki Takegami",5.6,226,"Filler"
"260","260","Yuusuke Onoda","Katsuhiko Chiba",6,224,"Filler"
"261","261","Naoki Horiuchi","Masahiro Hikokubo",7.7,351,"Manga Canon"
"262","262","Masaaki Kumagai","Shin Yoshida",8.1,342,"Manga Canon"
"263","263","Hisashi Ishii","Shin Yoshida",7.9,327,"Manga Canon"
"264","264","Kiyomu Fukuda","Yasuyuki Suzuki",7.8,321,"Manga Canon"
"265","265","Yuusuke Onoda","Shin Yoshida",7.8,330,"Manga Canon"
"266","266","Kanryou Kishikawa","Shin Yoshida",8,343,"Manga Canon"
"267","267","Hideki Takayama","Masahiro Hikokubo",7.5,306,"Manga Canon"
"268","268","Hisashi Ishii","Masahiro Hikokubo",7.6,308,"Manga Canon"
"269","269","Katsumi Ono","Masahiro Hikokubo",7.8,312,"Manga Canon"
"270","270","Shigeki Kawai","Masahiro Hikokubo",7.9,314,"Manga Canon"
"271","271","Yuusuke Onoda","Yuka Miyata",5.8,248,"Filler"
"272","272","Tsuneo Tominaga","Katsuhiko Chiba",7.8,335,"Manga Canon"
"273","273","Kanryou Kishikawa","Yasuyuki Suzuki",7.3,306,"Manga Canon"
"274","274","Kiyomu Fukuda","Yasuyuki Suzuki",7.5,314,"Manga Canon"
"275","275","Mitsutaka Noshitani","Shin Yoshida",8,338,"Manga Canon"
"276","276","Hideki Takayama","Katsuhiko Chiba",7.8,307,"Manga Canon"
"277","277","Masaaki Kumagai","Masahiro Hikokubo",7.3,302,"Manga Canon"
"278","278","Tsuneo Tominaga","Yasuyuki Suzuki",7.4,299,"Manga Canon"
"279","279","Yuusuke Onoda","Shin Yoshida",7.1,239,"Filler"
"280","280","Shigeki Kawai","Katsuhiko Chiba",6.8,232,"Filler"
"281","281","Kiyomu Fukuda","Yasuyuki Suzuki",5.4,228,"Filler"
"282","282","Hisashi Ishii","Masahiro Hikokubo",7.7,306,"Manga Canon"
"283","283","Jun Nakagawa","Masahiro Hikokubo",8.1,337,"Manga Canon"
"284","284","Kanryou Kishikawa","Junki Takegami",7.3,232,"Filler"
"285","285","Masaaki Kumagai","Katsuhiko Chiba",6.7,223,"Filler"
"286","286","Mitsutaka Noshitani","Junki Takegami",6.5,214,"Filler"
"287","287","Sumito Sasaki","Junki Takegami",6.3,215,"Filler"
"288","288","Kiyomu Fukuda","Masahiro Hikokubo",6.6,228,"Filler"
"289","289","Yoshihide Ibata","Shin Yoshida",6.7,227,"Filler"
"290","290","Toshiyuki Tsuru","Toshiyuki Tsuru",6.6,241,"Filler"
"291","291","Masaaki KumagaiChikara SakuraiToshiyuki Tsuru","Toshiyuki Tsuru",6.4,229,"Filler"
"292","292","Yuu Yamashita","Toshiyuki Tsuru",6.8,237,"Filler"
"293","293","Toshiyuki Tsuru","Toshiyuki Tsuru",6.4,231,"Filler"
"294","294","Kazunori Mizuno","Toshiyuki Tsuru",6.6,234,"Filler"
"295","295","Toshiyuki Tsuru","Toshiyuki Tsuru",7.1,257,"Filler"
"296","296","Jun Nakagawa","Yasuyuki Suzuki",7.7,356,"Manga Canon"
"297","297","Mitsutaka Noshitani","Shin Yoshida",8.3,409,"Manga Canon"
"298","298","Sumito Sasaki","Yasuyuki Suzuki",8.8,674,"Manga Canon"
"299","299","Hidetoshi Takahashi","Yasuyuki Suzuki",8.5,485,"Manga Canon"
"300","300","Shigeki Kawai","Katsuhiko Chiba",8,338,"Manga Canon"
"301","301","Hisashi Ishii","Masahiro Hikokubo",8.2,360,"Manga Canon"
"302","302","Kanryou Kishikawa","Junki Takegami",7.7,304,"Manga Canon"
"303","303","Kazunori Mizuno","Masahiro Hikokubo",6.7,232,"Filler"
"304","304","Yoshihide Ibata","Masahiro Hikokubo",6.4,229,"Filler"
"305","305","Jun Nakagawa","Masahiro Hikokubo",6.6,223,"Filler"
"306","306","Shigeki Kawai","Shin Yoshida",6.2,225,"Filler"
"307","307","Sumito Sasaki","Yuka Miyata",6.4,234,"Filler"
"308","308","Hidetoshi Takahashi","Yuka Miyata",6.4,222,"Filler"
"309","309","Mitsutaka Noshitani","Katsuhiko Chiba",5.5,213,"Filler"
"310","310","Masaaki Kumagai","Katsuhiko Chiba",5.7,210,"Filler"
"311","311","Kazunori Mizuno","Yuka Miyata",7.5,287,"Filler"
"312","312","Naoki Horiuchi","Hideto Tanaka",5.6,218,"Filler"
"313","313","Kanryou Kishikawa","Yasuyuki Suzuki",5,240,"Filler"
"314","314","Fumiaki Usui","Yasuyuki Suzuki",5.2,222,"Filler"
"315","315","Hisashi Ishii","Yasuyuki Suzuki",5.8,216,"Filler"
"316","316","Sumito Sasaki","Katsuhiko Chiba",6.2,223,"Filler"
"317","317","Shigeki Kawai","Katsuhiko Chiba",6.6,224,"Filler"
"318","318","Hiroaki Nishimura","Shin Yoshida",6.2,217,"Filler"
"319","319","Kazunori Mizuno","Masahiro Hikokubo",6.7,229,"Filler"
"320","320","Kazuma Satou","Yasuyuki Suzuki",6.3,234,"Filler"
"321","321","Naoki Horiuchi","Katsuhiko Chiba",8,357,"Manga Canon"
"322","322","Hiroyuki Yamashita","Shin Yoshida",9.5,2260,"Manga Canon"
"323","323","Yoshihiro Sugai","Yuka Miyata",8.8,609,"Manga Canon"
"324","324","Masaaki Kumagai","Junki Takegami",7.7,340,"Mixed Canon/Filler"
"325","325","Hisashi Ishii","Yasuyuki Suzuki",8.1,344,"Manga Canon"
"326","326","Naomi Nakayama","Katsuhiko Chiba",8.2,351,"Manga Canon"
"327","327","Hiroaki Nishimura","Yuka Miyata",7.2,344,"Mixed Canon/Filler"
"328","328","Shigeki Kawai","Yuka Miyata",7.8,390,"Mixed Canon/Filler"
"329","329","Kazunori Mizuno","Shin Yoshida",9,856,"Manga Canon"
"330","330","Chikao Tominaga","Masahiro Hikokubo",7.7,322,"Mixed Canon/Filler"
"331","331","Naoki Horiuchi","Katsuhiko Chiba",6.9,309,"Mixed Canon/Filler"
"332","332","Masaaki Kumagai","Yasuyuki Suzuki",8.1,343,"Manga Canon"
"333","333","Shigeru Ishii","Shin Yoshida",8.3,369,"Manga Canon"
"334","334","Kazunori Mizuno","Katsuhiko Chiba",8.2,364,"Manga Canon"
"335","335","Mitsutaka Noshitani","Yasuyuki Suzuki",7.7,327,"Manga Canon"
"336","336","Shigeki Kawai","Masahiro Hikokubo",7.7,327,"Manga Canon"
"337","337","Hiroaki Nishimura","Masahiro Hikokubo",8.2,371,"Manga Canon"
"338","338","Kazunori Mizuno","Masahiro Hikokubo",8.2,378,"Mixed Canon/Filler"
"339","339","Atsushi Nigorikawa","Yuka Miyata",9.4,1644,"Manga Canon"
"340","340","Eiko Nishi","Katsuhiko Chiba",8.3,375,"Manga Canon"
"341","341","Naoki Horiuchi","Yasuyuki Suzuki",8,345,"Manga Canon"
"342","342","Masaaki Kumagai","Shin Yoshida",8.6,462,"Manga Canon"
"343","343","Kazuya Iwata","Masahiro Hikokubo",8.9,766,"Manga Canon"
"344","344","Kazunori Mizuno","Yasuyuki Suzuki",8.7,658,"Manga Canon"
"345","345","Hiroyuki Yamashita","Katsuhiko Chiba",9.4,1610,"Manga Canon"
"346","346","Eiko Nishi","Shin Yoshida",8.2,357,"Mixed Canon/Filler"
"347","347","Sekito Kanno","Shin Yoshida",7.6,295,"Filler"
"348","348","Atsushi Nigorikawa","Shin Yoshida",8,313,"Filler"
"349","349","Naoki Horiuchi","Junki Takegami",7.8,274,"Filler"
"350","350","Daisuke Kurose","Junki Takegami",7.9,295,"Filler"
"351","351","Kazuya Iwata","Junki Takegami",7.3,243,"Filler"
"352","352","Yoshihiko Iwata","Yasuyuki Suzuki",7,240,"Filler"
"353","353","Masaaki Kumagai","Yasuyuki Suzuki",6.8,229,"Filler"
"354","354","Naoki Hishikawa","Yasuyuki Suzuki",6.9,230,"Filler"
"355","355","Naoki Horiuchi","Katsuhiko Chiba",7.2,241,"Filler"
"356","356","Kazunori Mizuno","Katsuhiko Chiba",7.3,244,"Filler"
"357","357","Takuma Suzuki","Katsuhiko Chiba",7.7,266,"Filler"
"358","358","Atsushi Nigorikawa","Katsuhiko Chiba",8.2,342,"Filler"
"359","359","Fukutarou Hattori","Katsuhiko Chiba",8,289,"Filler"
"360","360","Daisuke Kurose","Masahiro Hikokubo",7.6,255,"Filler"
"361","361","Masayuki Yamada","Masahiro Hikokubo",8,293,"Filler"
"362","362","Takuma Suzuki","Junki Takegami",8.6,545,"Mixed Canon/Filler"
"363","363","Gorou Sessha","Hideto Tanaka",9,695,"Manga Canon"
"364","364","Masaaki Kumagai","Shin Yoshida",9.4,1212,"Manga Canon"
"365","365","Naoki Horiuchi","Katsuhiko Chiba",9.1,786,"Manga Canon"
"366","366","Kazunori Mizuno","Masahiro Hikokubo",9.2,959,"Manga Canon"
"367","367","Kazuya Iwata","Shin Yoshida",8.6,548,"Manga Canon"
"368","368","Atsushi Nigorikawa","Shin Yoshida",8.9,630,"Manga Canon"
"369","369","Yoshihiko Iwata","Masahiro Hikokubo",8.7,581,"Manga Canon"
"370","370","Yoshihiro Yanagiya","Masahiro Hikokubo",8.8,624,"Manga Canon"
"371","371","Masayuki Yamada","Katsuhiko Chiba",8.5,469,"Manga Canon"
"372","372","Masaaki Kumagai","Katsuhiko ChibaYuka Miyata",9.3,1027,"Manga Canon"
"373","373","Takuma Suzuki","Yuka Miyata",8.6,548,"Manga Canon"
"374","374","Naoki Horiuchi","Yasuyuki Suzuki",8.6,483,"Manga Canon"
"375","375","Hiroyuki Yamashita","Yasuyuki SuzukiShin Yoshida",9.6,2301,"Manga Canon"
"376","376","Kazuya Iwata","Yasuyuki Suzuki",4.3,293,"Filler"
"377","377","Kazunori Mizuno","Yasuyuki Suzuki",3.8,393,"Filler"
"378","378","Takuma Suzuki","Shin Yoshida",8.6,490,"Manga Canon"
"379","379","Atsushi Nigorikawa","Katsuhiko Chiba",8.9,598,"Manga Canon"
"380","380","Masayuki Yamada","Yasuyuki Suzuki",8.7,542,"Manga Canon"
"381","381","Yoshihiro Yanagiya","Yuka Miyata",8.8,582,"Manga Canon"
"382","382","Takuma Suzuki","Masahiro Hikokubo",8.7,475,"Manga Canon"
"383","383","Masaaki Kumagai","Katsuhiko Chiba",8.5,399,"Manga Canon"
"384","384","Naoki Horiuchi","Yasuyuki Suzuki",8.7,554,"Manga Canon"
"385","385","Kazunori Mizuno","Junki TakegamiShin Yoshida",8,349,"Mixed Canon/Filler"
"386","386","Kazuya Iwata","Junki TakegamiShin Yoshida",7.8,302,"Mixed Canon/Filler"
"387","387","Atsushi Nigorikawa","Yuka Miyata",8.3,367,"Manga Canon"
"388","388","Yoshihiko Iwata","Masahiro Hikokubo",6.3,222,"Filler"
"389","389","Maki Odaira","Yuka Miyata",6.2,195,"Filler"
"390","390","Kiyoshi Murayama","Yuka Miyata",6.6,197,"Filler"
"391","391","Masaaki Kumagai","Yasuyuki Suzuki",8.9,682,"Manga Canon"
"392","392","Masayuki Yamada","Katsuhiko Chiba",8.8,631,"Manga Canon"
"393","393","Kazunori Mizuno","Shin Yoshida",9.1,861,"Manga Canon"
"394","394","Naoki Horiuchi","Junki Takegami",6.4,198,"Filler"
"395","395","Taisuke Mamoru","Junki Takegami",6.1,188,"Filler"
"396","396","Kazuya Iwata","Katsuhiko Chiba",6.7,189,"Filler"
"397","397","Atsushi Nigorikawa","Katsuhiko Chiba",6.7,185,"Filler"
"398","398","Tsuneo Tominaga","Shin Yoshida",6.4,185,"Filler"
"399","399","Tokuji Kaneko","Shin Yoshida",6.2,185,"Filler"
"400","400","Kentarou Fujita","Shin Yoshida",6.1,187,"Filler"
"401","401","Kazunori Mizuno","Shin Yoshida",7,198,"Filler"
"402","402","Tsuneo Tominaga","Yasuyuki Suzuki",5.9,187,"Filler"
"403","403","Masayuki Yamada","Yasuyuki Suzuki",5.9,186,"Filler"
"404","404","Akira Shimizu","Katsuhiko Chiba",5.7,183,"Filler"
"405","405","Atsushi Nigorikawa","Katsuhiko Chiba",6,181,"Filler"
"406","406","Fukutarou HattoriKazuya Iwata","Masahiro Hikokubo",5.8,182,"Filler"
"407","407","Tokuji Kaneko","Masahiro Hikokubo",5.8,183,"Filler"
"408","408","Tsuneo Tominaga","Shuto TanakaYuka Miyata",6.1,183,"Filler"
"409","409","Yoshinori Odaka","Shuto TanakaYuka Miyata",6.2,182,"Filler"
"410","410","Kentarou Fujita","Junki Takegami",6.3,182,"Filler"
"411","411","Masayuki Yamada","Junki Takegami",6.1,182,"Filler"
"412","412","Tsuneo Tominaga","Junki Takegami",6.2,183,"Filler"
"413","413","Kazunori Mizuno","Junki Takegami",6.5,186,"Filler"
"414","414","Akira Shimizu","Katsuhiko Chiba",8.5,447,"Manga Canon"
"415","415","Atsushi Nigorikawa","Shin Yoshida",8.1,343,"Manga Canon"
"416","416","Kazuya Iwata","Shin Yoshida",7,229,"Filler"
"417","417","Tokuji Kaneko","Shin Yoshida",8.1,297,"Filler"
"418","418","Takuma Suzuki","Yasuyuki Suzuki",8.3,431,"Manga Canon"
"419","419","Kentarou Fujita","Yasuyuki Suzuki",8.6,507,"Mixed Canon/Filler"
"420","420","Masayuki Yamada","Yuka Miyata",9,852,"Manga Canon"
"421","421","Kazunori Mizuno","Katsuhiko Chiba",9.5,1553,"Manga Canon"
"422","422","Takuma Suzuki","Yuka Miyata",6.6,197,"Filler"
"423","423","Akira Shimizu","Yuka Miyata",6.9,202,"Filler"
"424","424","Tomokazu Iwasaki","Yasuyuki Suzuki",9.2,1001,"Manga Canon"
"425","425","Ayataka TanemuraKazuya Iwata","Katsuhiko Chiba",8.9,692,"Manga Canon"
"426","426","Sumito Sasaki","Shuto Tanaka",8.3,368,"Mixed Canon/Filler"
"427","427","Hiroyuki Tsuchiya","Yuka Miyata",5.8,211,"Filler"
"428","428","Masayuki Yamada","Yuka Miyata",5.9,200,"Filler"
"429","429","Yoshinobu Tokumoto","Katsuhiko Chiba",5.2,201,"Filler"
"430","430","Kazunori Mizuno","Katsuhiko Chiba",5.2,198,"Filler"
"431","431","Kiyoshi Murayama","Yuka Miyata",6.2,193,"Filler"
"432","432","Akira Shimizu","Junki Takegami",5.6,185,"Filler"
"433","433","Maki Odaira","Junki TakegamiYasuyuki Suzuki",5.5,183,"Filler"
"434","434","Takuma Suzuki","Junki TakegamiYasuyuki Suzuki",5,222,"Filler"
"435","435","Kazuya Iwata","Junki TakegamiYasuyuki Suzuki",5.2,188,"Filler"
"436","436","Ayataka Tanemura","Junki TakegamiYasuyuki SuzukiYuka Miyata",5.3,190,"Filler"
"437","437","Masayuki Yamada","Junki TakegamiYasuyuki Suzuki",5.2,190,"Filler"
"438","438","Kiyoshi Murayama","Junki TakegamiYasuyuki Suzuki",5.5,185,"Filler"
"439","439","Shinnosuke Imagawa","Junki TakegamiYasuyuki Suzuki",5.6,184,"Filler"
"440","440","Kazunori Mizuno","Junki Takegami",5.7,187,"Filler"
"441","441","Toshihiro Maeya","Yuka Miyata",5.3,188,"Filler"
"442","442","Maki Odaira","Yuka Miyata",6,186,"Filler"
"443","443","Yasuhiro Akamatsu","Yuka Miyata",5.7,186,"Filler"
"444","444","Kazuya Iwata","Yasuyuki Suzuki",5.9,185,"Filler"
"445","445","Ayataka Tanemura","Junki TakegamiYasuyuki Suzuki",5.5,187,"Filler"
"446","446","Masayuki Yamada","Yasuyuki Suzuki",5.5,187,"Filler"
"447","447","Toshihiro Maeya","Junki TakegamiYasuyuki Suzuki",5.5,188,"Filler"
"448","448","Kiyoshi Murayama","Yasuyuki Suzuki",5.2,189,"Filler"
"449","449","Takeyuki Yanase","Junki Takegami",4.9,232,"Filler"
"450","450","Kazunori Mizuno","Yasuyuki Suzuki",6,190,"Filler"
"451","451","Kazuya Iwata","Katsuhiko Chiba",7.7,309,"Mixed Canon/Filler"
"452","452","Norihiko Nagahama","Katsuhiko Chiba",7.9,298,"Mixed Canon/Filler"
"453","453","Maki Odaira","Masahiro Hikokubo",7.2,281,"Mixed Canon/Filler"
"454","454","Yuusuke Onoda","Masahiro Hikokubo",7.9,297,"Mixed Canon/Filler"
"455","455","Masahiko Murata","Katsuhiko Chiba",8.8,689,"Mixed Canon/Filler"
"456","456","Kiyoshi Murayama","Katsuhiko Chiba",8,295,"Mixed Canon/Filler"
"457","457","Shougo Arai","Katsuhiko Chiba",8.2,309,"Mixed Canon/Filler"
"458","458","Masayuki Yamada","Katsuhiko Chiba",8.4,447,"Mixed Canon/Filler"
"459","459","Hisashi Ishii","Masahiro Hikokubo",8.4,420,"Manga Canon"
"460","460","Kazunori Mizuno","Shin Yoshida",7.6,288,"Mixed Canon/Filler"
"461","461","Naoki Horiuchi","Shin Yoshida",7.9,291,"Mixed Canon/Filler"
"462","462","Ayataka Tanemura","Shin Yoshida",8.2,311,"Mixed Canon/Filler"
"463","463","Fujii Toshiro","Masahiro Hikokubo",8.4,430,"Manga Canon"
"464","464","Kiyoshi Murayama","Shin Yoshida",7.7,251,"Filler"
"465","465","Maki Odaira","Shin Yoshida",7.5,244,"Filler"
"466","466","Masayuki Yamada","Shin Yoshida",7.4,239,"Filler"
"467","467","Atsushi Nigorikawa","Shin Yoshida",7.7,242,"Filler"
"468","468","Kazuya Iwata","Shin Yoshida",8.1,298,"Filler"
"469","469","Masayuki Kouda","Shuto Tanaka",7.9,325,"Filler"
"470","470","Masaaki Kumagai","Katsuhiko Chiba",8.5,494,"Manga Canon"
"471","471","Naoki Horiuchi","Yuka Miyata",8.3,386,"Mixed Canon/Filler"
"472","472","Kazunori Mizuno","Yuka Miyata",8.6,658,"Mixed Canon/Filler"
"473","473","Kiyoshi Murayama","Yuka Miyata",8.9,836,"Manga Canon"
"474","474","Masahiko Murata","Masahiro Hikokubo",9.5,1773,"Manga Canon"
"475","475","Yoshihiro Sugai","Katsuhiko Chiba",8.6,773,"Manga Canon"
"476","476","Hiroyuki Yamashita","Yuka Miyata",9.5,2136,"Manga Canon"
"477","477","Hiroyuki Yamashita","Yuka Miyata",9.7,3824,"Manga Canon"
"478","478","Toshiyuki Tsuru","Yasuaki Kurozu",9.4,1760,"Mixed Canon/Filler"
"479","479","Hayato Date","Yasuaki Kurozu",9,1017,"Mixed Canon/Filler"
"480","480","Osamu Kobayashi","Osamu Kobayashi",7.2,354,"Filler"
"481","481","Mitsuto Yamaji","Osamu Kobayashi",6.4,296,"Filler"
"482","482","Osamu Sekita","Osamu Kobayashi",6.5,291,"Filler"
"483","483","Taisuke Mamoru","Osamu Kobayashi",6.6,291,"Filler"
"484","484","Chiaki Kon","Masanao Akahoshi",7.2,341,"Manga Canon"
"485","485","Ayumi Ono","Masanao Akahoshi",7.3,333,"Manga Canon"
"486","486","Shingo Okano","Masanao Akahoshi",7.2,323,"Manga Canon"
"487","487","Osamu Sekita","Masanao Akahoshi",6.9,324,"Manga Canon"
"488","488","Chiaki Kon","Masanao Akahoshi",7.7,390,"Manga Canon"
"489","489","Toshinori Watanabe","Masaya Honda",7.3,339,"Manga Canon"
"490","490","Taiji Kawanishi","Masaya Honda",6.9,320,"Manga Canon"
"491","491","Naoki Hishikawa","Masaya Honda",6.9,315,"Manga Canon"
"492","492","Masayuki Matsumoto","Masaya Honda",7,316,"Manga Canon"
"493","493","Toshinori Watanabe","Masaya Honda",7.2,325,"Manga Canon"
"494","494","Michisoku Matsuda","Kento Shimoyama",7.1,331,"Manga Canon"
"495","495","Masahiko Murata","Kento Shimoyama",6.6,346,"Manga Canon"
"496","496","Yoshihiro Sugai","Kento Shimoyama",7.3,346,"Manga Canon"
"497","497","Maki Odaira","Kento Shimoyama",7,331,"Manga Canon"
"498","498","Naoki Horiuchi","Kento Shimoyama",6.5,337,"Manga Canon"
"499","499","Kazunori Mizuno","Kento Shimoyama",7.4,358,"Manga Canon"
"500","500","Masahiko Murata","Kento Shimoyama",9,1496,"Manga Canon"
